<?xml version="1.0" encoding="UTF-8"?>
<project-private xmlns="http://www.netbeans.org/ns/project-private/1">
    <editor-bookmarks xmlns="http://www.netbeans.org/ns/editor-bookmarks/2" lastBookmarkId="0"/>
    <open-files xmlns="http://www.netbeans.org/ns/projectui-open-files/2">
        <group>
            <file>file:/D:/NetBeansProjects/LibraTrack/LibraTrack/src/libratrack/AddBookFrame.java</file>
            <file>file:/D:/NetBeansProjects/LibraTrack/LibraTrack/src/libratrack/DashboardFrame.java</file>
            <file>file:/D:/NetBeansProjects/LibraTrack/LibraTrack/src/libratrack/ViewStaffFrame.java</file>
            <file>file:/D:/NetBeansProjects/LibraTrack/LibraTrack/src/libratrack/ViewBooksFrame.java</file>
            <file>file:/D:/NetBeansProjects/LibraTrack/LibraTrack/src/libratrack/LoginFrame.java</file>
            <file>file:/D:/NetBeansProjects/LibraTrack/LibraTrack/src/libratrack/LibraTrack.java</file>
            <file>file:/D:/NetBeansProjects/LibraTrack/LibraTrack/src/libratrack/EditAdminFrame.java</file>
            <file>file:/D:/NetBeansProjects/LibraTrack/LibraTrack/src/libratrack/DBConnection.java</file>
            <file>file:/D:/NetBeansProjects/LibraTrack/LibraTrack/src/libratrack/AddStaffFrame.java</file>
            <file>file:/D:/NetBeansProjects/LibraTrack/LibraTrack/src/libratrack/RemoveStaffFrame.java</file>
            <file>file:/D:/NetBeansProjects/LibraTrack/LibraTrack/src/libratrack/RemoveBookFrame.java</file>
        </group>
    </open-files>
</project-private>
